scenario_id,ego_id,sat_solver_mode,success,iterations,tv,tc,updated_tv,domain_dict_size,domain_dict_time,sat_time,constraint_extraction_time,constraint_conversion_time,lp_time,trajectory_build_time,compliance_check_time,core_total_time,wall_time,error
DEU_LocationALower-11_102_T-1,16,domain_dpll,True,1,9,0,inf,0,0.00178647041320801,3.4332275390625E-05,0.000316381454467773,0.000351190567016602,0.00200843811035156,0.000309228897094727,0,0.0048060417175293,1.55997562408447,
DEU_LocationALower-11_110_T-1,16,domain_dpll,True,1,2,0,inf,0,0.00191330909729004,3.60012054443359E-05,0.000311851501464844,0.00034332275390625,0.00324463844299316,0.0002288818359375,0,0.00607800483703613,1.72194075584412,
DEU_LocationALower-11_131_T-1,18,domain_dpll,True,1,9,0,inf,0,0.00186061859130859,3.86238098144531E-05,0.000371694564819336,0.000360012054443359,0.00263309478759766,0.000286579132080078,0,0.00555062294006348,1.71937274932861,
DEU_LocationALower-11_4_T-1,18,domain_dpll,True,1,1,0,inf,0,0.00175023078918457,3.55243682861328E-05,0.000307798385620117,0.000342845916748047,0.00197649002075195,0.000287294387817383,0,0.0047001838684082,1.62511587142944,
DEU_LocationALower-11_43_T-1,17,domain_dpll,True,2,2,0,inf,0,0.00192856788635254,7.00950622558594E-05,0.000330924987792969,0.000380277633666992,0.00202274322509766,0.00029444694519043,0,0.00502705574035645,1.61660265922546,
DEU_LocationALower-11_56_T-1,15,domain_dpll,True,1,1,0,inf,0,0.00199604034423828,4.05311584472656E-05,0.000356674194335938,0.000395298004150391,0.00220990180969238,0.000302314758300781,0,0.00530076026916504,1.57548356056213,
DEU_LocationALower-11_64_T-1,18,domain_dpll,True,1,15,0,inf,0,0.00186419486999512,4.10079956054688E-05,0.000336885452270508,0.000402688980102539,0.00212979316711426,0.000241756439208984,0,0.00501632690429688,1.61476230621338,
DEU_LocationALower-12_109_T-1,20,domain_dpll,True,1,8,0,inf,0,0.00187516212463379,4.05311584472656E-05,0.000340700149536133,0.000360012054443359,0.00198841094970703,0.000216484069824219,0,0.0048213005065918,1.68159151077271,
DEU_LocationALower-12_167_T-1,12,domain_dpll,True,2,1,0,inf,0,0.00211429595947266,7.70092010498047E-05,0.000368118286132813,0.000423431396484375,0.00287938117980957,0.000245809555053711,0,0.00610804557800293,1.63967490196228,
DEU_LocationALower-12_217_T-1,14,domain_dpll,True,1,6,0,inf,0,0.00190067291259766,4.26769256591797E-05,0.000342845916748047,0.0003814697265625,0.0028834342956543,0.000462532043457031,0,0.00601363182067871,1.64983296394348,
DEU_LocationALower-12_52_T-1,26,domain_dpll,True,1,7,0,inf,0,0.00203895568847656,5.10215759277344E-05,0.000426054000854492,0.000400781631469727,0.00284504890441895,0.000319719314575195,0,0.00608158111572266,1.83053660392761,
DEU_LocationALower-13_162_T-1,21,domain_dpll,True,1,10,0,inf,0,0.00191044807434082,4.10079956054688E-05,0.000334501266479492,0.000366926193237305,0.00261545181274414,0.000351667404174805,0,0.00562000274658203,1.62260818481445,
DEU_LocationALower-13_167_T-1,17,domain_dpll,True,1,2,0,inf,0,0.00200247764587402,4.36305999755859E-05,0.000382661819458008,0.000409603118896484,0.00265264511108398,0.000236272811889648,0,0.00572729110717773,1.68303394317627,
DEU_LocationALower-13_168_T-1,12,domain_dpll,False,4,6,0,,0,0.00207138061523438,0.00018000602722168,0.00233983993530273,0.00190448760986328,0,0,0,0.00649571418762207,1.66090869903564,repair returned None
DEU_LocationALower-13_214_T-1,21,domain_dpll,True,2,14,0,inf,0,0.00406932830810547,0.000103950500488281,0.000324249267578125,0.000335454940795898,0.00216102600097656,0.000300884246826172,0,0.00729489326477051,1.73343634605408,
DEU_LocationALower-13_239_T-1,18,domain_dpll,True,1,12,0,inf,0,0.00192713737487793,4.07695770263672E-05,0.000365734100341797,0.000351190567016602,0.00223755836486816,0.000344514846801758,0,0.00526690483093262,1.64793229103088,
DEU_LocationALower-13_241_T-1,20,domain_dpll,True,1,18,0,inf,0,0.00204992294311523,4.69684600830078E-05,0.00037837028503418,0.000402450561523438,0.00288772583007813,0.00048065185546875,0,0.00624608993530273,1.65777707099915,
DEU_LocationALower-13_247_T-1,15,domain_dpll,True,1,6,0,inf,0,0.0020139217376709,5.48362731933594E-05,0.000980138778686523,0.000400543212890625,0.00217747688293457,0.000336885452270508,0,0.00596380233764648,1.56501650810242,
DEU_LocationALower-13_29_T-1,18,domain_dpll,True,1,15,0,inf,0,0.00191283226013184,4.31537628173828E-05,0.000327587127685547,0.000335454940795898,0.00220775604248047,0.000956058502197266,0,0.0057828426361084,1.7411949634552,
DEU_LocationALower-13_56_T-1,10,domain_dpll,True,1,1,0,inf,0,0.00168085098266602,3.60012054443359E-05,0.000309228897094727,0.000375986099243164,0.00290632247924805,0.000289678573608398,0,0.00559806823730469,1.68106770515442,
DEU_LocationALower-13_82_T-1,17,domain_dpll,True,1,13,0,inf,0,0.00363826751708984,3.79085540771484E-05,0.000329971313476563,0.000370502471923828,0.00215816497802734,0.000330924987792969,0,0.0068657398223877,1.8052921295166,
DEU_LocationALower-14_14_T-1,13,domain_dpll,True,1,1,0,inf,0,0.00195479393005371,4.17232513427734E-05,0.000334739685058594,0.000383615493774414,0.0025475025177002,0.000298976898193359,0,0.00556135177612305,1.87777900695801,
DEU_LocationALower-14_161_T-1,21,domain_dpll,True,1,6,0,inf,0,0.00175118446350098,3.98159027099609E-05,0.000310659408569336,0.000333547592163086,0.00213432312011719,0.000223159790039063,0,0.00479269027709961,1.77514600753784,
DEU_LocationALower-14_219_T-1,12,domain_dpll,True,1,8,0,inf,0,0.00204944610595703,4.17232513427734E-05,0.000310659408569336,0.00034022331237793,0.00201535224914551,0.000341415405273438,0,0.00509881973266602,1.6890652179718,
DEU_LocationALower-14_247_T-1,16,domain_dpll,True,1,13,0,inf,0,0.00198101997375488,3.74317169189453E-05,0.000330686569213867,0.000358104705810547,0.00294613838195801,0.000358104705810547,0,0.0060114860534668,1.66818833351135,
DEU_LocationALower-14_252_T-1,12,domain_dpll,True,1,9,0,inf,0,0.00184988975524902,4.17232513427734E-05,0.000691890716552734,0.000830173492431641,0.00354647636413574,0.000501155853271484,0,0.0074613094329834,1.59949684143066,
DEU_LocationALower-14_39_T-1,15,domain_dpll,True,1,9,0,inf,0,0.00172638893127441,3.91006469726563E-05,0.000330924987792969,0.000333070755004883,0.00306534767150879,0.000299453735351563,0,0.00579428672790527,1.7696840763092,
DEU_LocationALower-14_96_T-1,15,domain_dpll,True,1,16,0,inf,0,0.00192070007324219,3.88622283935547E-05,0.000335454940795898,0.000373125076293945,0.00311803817749023,0.000368118286132813,0,0.00615429878234863,1.60685086250305,
DEU_LocationALower-25_155_T-1,15,domain_dpll,True,1,8,0,inf,0,0.0027463436126709,4.9591064453125E-05,0.000758647918701172,0.000886440277099609,0.00320959091186523,0.000566720962524414,0,0.00821733474731445,1.62396693229675,
DEU_LocationALower-27_140_T-1,14,domain_dpll,True,1,8,0,inf,0,0.00192070007324219,4.93526458740234E-05,0.000348567962646484,0.000378847122192383,0.00206112861633301,0.000784635543823242,0,0.00554323196411133,1.65134406089783,
DEU_LocationALower-27_184_T-1,13,domain_dpll,True,1,16,0,inf,0,0.00195074081420898,4.07695770263672E-05,0.000353336334228516,0.000377178192138672,0.00201320648193359,0.000246524810791016,0,0.00498175621032715,1.58914589881897,
DEU_LocationALower-28_109_T-1,13,domain_dpll,True,1,4,0,inf,0,0.00206685066223145,4.12464141845703E-05,0.000682592391967773,0.000764131546020508,0.0031285285949707,0.000562906265258789,0,0.00724625587463379,1.70680665969849,
DEU_LocationALower-28_109_T-1,18,domain_dpll,True,1,8,0,inf,0,0.00196719169616699,4.26769256591797E-05,0.000359773635864258,0.000387191772460938,0.00297117233276367,0.00131750106811523,0,0.00704550743103027,1.78719758987427,
DEU_LocationALower-28_228_T-1,11,domain_dpll,True,1,16,0,inf,0,0.00190591812133789,4.24385070800781E-05,0.000326156616210938,0.000375509262084961,0.00550532341003418,0.000535488128662109,0,0.00869083404541016,1.59858703613281,
DEU_LocationALower-28_252_T-1,12,domain_dpll,True,1,3,0,inf,0,0.0025489330291748,6.31809234619141E-05,0.00041651725769043,0.000441789627075195,0.00211572647094727,0.000329017639160156,0,0.00591516494750977,1.74562621116638,
DEU_LocationALower-28_252_T-1,18,domain_dpll,True,1,5,0,inf,0,0.00177097320556641,4.10079956054688E-05,0.000305652618408203,0.000323295593261719,0.00182080268859863,0.000213146209716797,0,0.00447487831115723,1.72883653640747,
DEU_LocationALower-29_123_T-1,16,domain_dpll,True,1,9,0,inf,0,0.00442814826965332,6.60419464111328E-05,0.000754356384277344,0.000881195068359375,0.00538802146911621,0.000567197799682617,0,0.0120849609375,1.56389212608337,
DEU_LocationALower-29_134_T-1,9,domain_dpll,True,1,7,0,inf,0,0.00184822082519531,3.91006469726563E-05,0.000240325927734375,0.000368833541870117,0.00206685066223145,0.000260114669799805,0,0.00482344627380371,1.61347937583923,
DEU_LocationALower-29_192_T-1,9,domain_dpll,False,4,8,0,,0,0.00191283226013184,0.000169992446899414,0.00201940536499023,0.00177478790283203,0,0,0,0.00587701797485352,1.57362818717957,repair returned None
DEU_LocationALower-29_245_T-1,12,domain_dpll,True,1,8,0,inf,0,0.00174427032470703,4.07695770263672E-05,0.000305414199829102,0.000335454940795898,0.00201249122619629,0.000282049179077148,0,0.00472044944763184,1.66877961158752,
DEU_LocationALower-29_249_T-1,23,domain_dpll,True,1,3,0,inf,0,0.00200772285461426,4.22000885009766E-05,0.000368833541870117,0.000402688980102539,0.00241446495056152,0.000567436218261719,0,0.00580334663391113,1.74665069580078,
DEU_LocationALower-29_250_T-1,12,domain_dpll,True,1,9,0,inf,0,0.00196504592895508,4.22000885009766E-05,0.000372886657714844,0.000404119491577148,0.00319051742553711,0.000597238540649414,0,0.00657200813293457,1.71993494033813,
DEU_LocationALower-29_65_T-1,8,domain_dpll,True,1,2,0,inf,0,0.00211477279663086,6.46114349365234E-05,0.000455617904663086,0.000524282455444336,0.00449037551879883,0.000578880310058594,0,0.00822854042053223,1.72551369667053,
DEU_LocationALower-29_70_T-1,11,domain_dpll,True,1,2,0,inf,0,0.00191020965576172,4.29153442382813E-05,0.000305414199829102,0.0003509521484375,0.00266242027282715,0.000251293182373047,0,0.0055232048034668,1.74928855895996,
DEU_LocationALower-30_218_T-1,16,domain_dpll,True,1,5,0,inf,0,0.00197386741638184,3.91006469726563E-05,0.000325679779052734,0.000368356704711914,0.00253510475158691,0.000286102294921875,0,0.00552821159362793,1.61636066436768,
DEU_LocationALower-30_46_T-1,16,domain_dpll,True,1,5,0,inf,0,0.0017392635345459,3.88622283935547E-05,0.000309228897094727,0.000338315963745117,0.00182080268859863,0.000215291976928711,0,0.00446176528930664,1.74318432807922,
DEU_LocationALower-31_154_T-1,9,domain_dpll,True,1,10,0,inf,0,0.00178098678588867,4.00543212890625E-05,0.000222444534301758,0.000281810760498047,0.0032956600189209,0.000374794006347656,0,0.00599575042724609,1.56997013092041,
DEU_LocationALower-31_239_T-1,16,domain_dpll,True,2,4,0,inf,0,0.0017387866973877,6.62803649902344E-05,0.000293254852294922,0.000331878662109375,0.00263595581054688,0.000482320785522461,0,0.00554847717285156,1.79137134552002,
DEU_LocationALower-31_24_T-1,13,domain_dpll,True,1,16,0,inf,0,0.00204944610595703,4.26769256591797E-05,0.000341892242431641,0.000404834747314453,0.00234460830688477,0.000532150268554688,0,0.00571560859680176,1.71172142028809,
DEU_LocationALower-31_31_T-1,15,domain_dpll,True,1,3,0,inf,0,0.00201869010925293,4.1961669921875E-05,0.000391244888305664,0.000426292419433594,0.0021977424621582,0.00027155876159668,0,0.00534749031066895,1.5848069190979,
DEU_LocationALower-31_47_T-1,13,domain_dpll,True,2,7,0,inf,0,0.00200700759887695,7.53402709960938E-05,0.000383615493774414,0.000432968139648438,0.00356197357177734,0.000541448593139648,0,0.00700235366821289,1.64155697822571,
DEU_LocationALower-32_117_T-1,17,domain_dpll,True,1,9,0,inf,0,0.00194454193115234,4.41074371337891E-05,0.00095367431640625,0.000354528427124023,0.00249743461608887,0.000330924987792969,0,0.00612521171569824,1.67921161651611,
DEU_LocationALower-32_136_T-1,16,domain_dpll,True,1,11,0,inf,0,0.00191402435302734,4.05311584472656E-05,0.000353097915649414,0.000328779220581055,0.00199317932128906,0.000795602798461914,0,0.00542521476745606,1.74137854576111,
DEU_LocationALower-32_186_T-1,12,domain_dpll,True,1,2,0,inf,0,0.00202822685241699,6.03199005126953E-05,0.000385761260986328,0.00039982795715332,0.00296473503112793,0.00050806999206543,0,0.0063469409942627,1.69534397125244,
DEU_LocationALower-32_70_T-1,14,domain_dpll,True,1,2,0,inf,0,0.00169491767883301,3.62396240234375E-05,0.000310182571411133,0.00034022331237793,0.00215816497802734,0.000285863876342773,0,0.00482559204101563,1.70478940010071,
DEU_LocationALower-32_84_T-1,13,domain_dpll,True,1,8,0,inf,0,0.00173354148864746,3.71932983398438E-05,0.000311851501464844,0.000342369079589844,0.00247025489807129,0.000974893569946289,0,0.00587010383605957,1.63046073913574,
DEU_LocationALower-33_142_T-1,10,domain_dpll,True,1,5,0,inf,0,0.00174665451049805,3.88622283935547E-05,0.000223398208618164,0.000272989273071289,0.00210809707641602,0.000236988067626953,0,0.00462698936462402,1.78671717643738,
DEU_LocationALower-33_16_T-1,12,domain_dpll,True,1,12,0,inf,0,0.00183296203613281,5.98430633544922E-05,0.00028538703918457,0.000335216522216797,0.0031895637512207,0.000260829925537109,0,0.00596380233764648,1.85830068588257,
DEU_LocationALower-33_219_T-1,8,domain_dpll,True,1,6,0,inf,0,0.00192809104919434,4.26769256591797E-05,0.000290870666503906,0.000317096710205078,0.00220251083374023,0.000281333923339844,0,0.00506258010864258,1.67309260368347,
DEU_LocationALower-33_228_T-1,14,domain_dpll,True,1,15,0,inf,0,0.00207662582397461,4.60147857666016E-05,0.000352621078491211,0.000409364700317383,0.0022270679473877,0.000289201736450195,0,0.0054008960723877,1.64386248588562,
DEU_LocationALower-33_233_T-1,14,domain_dpll,True,1,9,0,inf,0,0.00184845924377441,3.814697265625E-05,0.000329256057739258,0.000373363494873047,0.00224208831787109,0.000229358673095703,0,0.00506067276000977,1.66296672821045,
DEU_LocationALower-33_261_T-1,13,domain_dpll,True,1,10,0,inf,0,0.00199604034423828,4.17232513427734E-05,0.000363588333129883,0.000382423400878906,0.00318193435668945,0.000498294830322266,0,0.00646400451660156,1.73855066299438,
DEU_LocationALower-33_265_T-1,22,domain_dpll,True,1,11,0,inf,0,0.00169491767883301,3.95774841308594E-05,0.000312566757202148,0.000336885452270508,0.00325345993041992,0.000277042388916016,0,0.00591444969177246,1.74907684326172,
DEU_LocationALower-33_96_T-1,9,domain_dpll,True,1,3,0,inf,0,0.00203943252563477,4.60147857666016E-05,0.000342845916748047,0.00036931037902832,0.00264406204223633,0.000240325927734375,0,0.00568199157714844,1.74110817909241,
DEU_LocationALower-34_120_T-1,17,domain_dpll,True,1,15,0,inf,0,0.00190210342407227,4.76837158203125E-05,0.000349760055541992,0.000387430191040039,0.00246930122375488,0.000538825988769531,0,0.00569510459899902,1.66951131820679,
DEU_LocationALower-34_146_T-1,14,domain_dpll,True,1,4,0,inf,0,0.00204825401306152,4.48226928710938E-05,0.00034642219543457,0.000387191772460938,0.00210475921630859,0.000215530395507813,0,0.00514698028564453,1.57206439971924,
DEU_LocationALower-34_147_T-1,16,domain_dpll,True,1,16,0,inf,0,0.00192546844482422,4.05311584472656E-05,0.000341892242431641,0.000375747680664063,0.00282764434814453,0.000339984893798828,0,0.00585126876831055,1.57972764968872,
DEU_LocationALower-34_163_T-1,15,domain_dpll,True,2,10,0,inf,0,0.00204682350158691,7.89165496826172E-05,0.000349998474121094,0.000377893447875977,0.00266528129577637,0.000299930572509766,0,0.00581884384155273,1.71099352836609,
DEU_LocationALower-34_179_T-1,15,domain_dpll,True,1,12,0,inf,0,0.00210380554199219,4.48226928710938E-05,0.000396251678466797,0.000415563583374023,0.00249600410461426,0.000298976898193359,0,0.00575542449951172,1.69667959213257,
DEU_LocationALower-34_37_T-1,9,domain_dpll,True,1,2,0,inf,0,0.00187015533447266,4.07695770263672E-05,0.000310182571411133,0.000358104705810547,0.00235748291015625,0.000287532806396484,0,0.00522422790527344,1.81225991249084,
DEU_LocationALower-34_49_T-1,10,domain_dpll,True,1,3,0,inf,0,0.00199198722839355,5.10215759277344E-05,0.000373601913452148,0.000409126281738281,0.00235199928283691,0.000297069549560547,0,0.00547480583190918,1.77940440177917,
DEU_LocationALower-34_96_T-1,14,domain_dpll,True,1,8,0,inf,0,0.0019218921661377,4.52995300292969E-05,0.000343799591064453,0.000358104705810547,0.00218057632446289,0.000228643417358398,0,0.00507831573486328,1.68035387992859,
DEU_LocationALower-35_126_T-1,20,domain_dpll,True,1,2,0,inf,0,0.00205731391906738,4.50611114501953E-05,0.00101089477539063,0.000403404235839844,0.00313496589660645,0.000279903411865234,0,0.00693154335021973,1.78392815589905,
DEU_LocationALower-35_263_T-1,12,domain_dpll,True,1,1,0,inf,0,0.00186610221862793,4.10079956054688E-05,0.0003204345703125,0.000360965728759766,0.00592970848083496,0.000315666198730469,0,0.00883388519287109,1.69951295852661,
DEU_LocationALower-35_34_T-1,19,domain_dpll,True,1,1,0,inf,0,0.00199508666992188,4.29153442382813E-05,0.000886440277099609,0.000367164611816406,0.00603175163269043,0.000540971755981445,0,0.00986433029174805,1.72688126564026,
DEU_LocationALower-36_113_T-1,14,domain_dpll,True,1,9,0,inf,0,0.00199222564697266,5.69820404052734E-05,0.000357627868652344,0.000375032424926758,0.00237369537353516,0.000223159790039063,0,0.00537872314453125,1.78611612319946,
DEU_LocationALower-36_123_T-1,15,domain_dpll,True,1,7,0,inf,0,0.00200319290161133,4.14848327636719E-05,0.000350236892700195,0.000390052795410156,0.00232791900634766,0.000268459320068359,0,0.00538134574890137,1.65568327903748,
DEU_LocationALower-36_208_T-1,8,domain_dpll,True,1,3,0,inf,0,0.00161433219909668,4.1961669921875E-05,0.000209569931030273,0.000246763229370117,0.002044677734375,0.000156879425048828,0,0.00431418418884277,1.64911937713623,
DEU_LocationALower-36_236_T-1,6,domain_dpll,True,1,1,0,inf,0,0.00144839286804199,3.83853912353516E-05,0.000173807144165039,0.000198602676391602,0.00214195251464844,0.000141620635986328,0,0.00414276123046875,1.42275238037109,
DEU_LocationALower-36_269_T-1,18,domain_dpll,True,1,4,0,inf,0,0.00193142890930176,4.05311584472656E-05,0.000321388244628906,0.000347375869750977,0.00245213508605957,0.000548362731933594,0,0.00564122200012207,1.710116147995,
DEU_LocationALower-36_291_T-1,13,domain_dpll,True,1,11,0,inf,0,0.00209307670593262,4.60147857666016E-05,0.00037384033203125,0.00040745735168457,0.00210714340209961,0.000296592712402344,0,0.00532412528991699,1.65960478782654,
DEU_LocationALower-36_61_T-1,9,domain_dpll,True,1,15,0,inf,0,0.00400686264038086,5.81741333007813E-05,0.0006103515625,0.000802040100097656,0.00307512283325195,0.000543355941772461,0,0.00909590721130371,1.57327818870544,
DEU_LocationALower-37_1_T-1,11,domain_dpll,True,1,1,0,inf,0,0.00205183029174805,4.45842742919922E-05,0.000371694564819336,0.000410556793212891,0.00250720977783203,0.000228166580200195,0,0.00561404228210449,1.67234230041504,
DEU_LocationALower-37_205_T-1,15,domain_dpll,True,1,15,0,inf,0,0.00203204154968262,4.33921813964844E-05,0.000353574752807617,0.000385284423828125,0.00254940986633301,0.000274658203125,0,0.00563836097717285,1.64462089538574,
DEU_LocationALower-37_231_T-1,23,domain_dpll,True,1,5,0,inf,0,0.00345873832702637,3.98159027099609E-05,0.000362157821655273,0.000360488891601563,0.00202655792236328,0.000287055969238281,0,0.00653481483459473,1.82200908660889,
DEU_LocationALower-37_240_T-1,8,domain_dpll,True,1,3,0,inf,0,0.00199508666992188,4.98294830322266E-05,0.000320196151733398,0.000397205352783203,0.00314450263977051,0.000468969345092773,0,0.00637578964233398,1.49078512191772,
DEU_LocationALower-37_4_T-1,22,domain_dpll,True,1,3,0,inf,0,0.001800537109375,3.62396240234375E-05,0.000329732894897461,0.000344753265380859,0.0020604133605957,0.000223636627197266,0,0.00479531288146973,1.84089350700378,
DEU_LocationALower-11_102_T-1,16,domain_dpll,True,1,9,0,inf,0,0.00180506706237793,3.69548797607422E-05,0.000355958938598633,0.000397205352783203,0.00302743911743164,0.000549793243408203,0,0.00617241859436035,1.57321381568909,
DEU_LocationALower-11_110_T-1,16,domain_dpll,True,1,2,0,inf,0,0.00201940536499023,4.41074371337891E-05,0.00036311149597168,0.000406026840209961,0.0021669864654541,0.000235080718994141,0,0.00523471832275391,1.72047781944275,
DEU_LocationALower-11_131_T-1,18,domain_dpll,True,1,9,0,inf,0,0.00191950798034668,4.55379486083984E-05,0.000339984893798828,0.000355005264282227,0.003662109375,0.000482797622680664,0,0.0068049430847168,1.79500532150269,
DEU_LocationALower-11_4_T-1,18,domain_dpll,True,1,1,0,inf,0,0.00188398361206055,3.88622283935547E-05,0.000346899032592773,0.00038456916809082,0.0024864673614502,0.000477075576782227,0,0.00561785697937012,1.64998698234558,
DEU_LocationALower-11_43_T-1,17,domain_dpll,True,2,2,0,inf,0,0.00192356109619141,7.22408294677734E-05,0.000338554382324219,0.000369548797607422,0.0027012825012207,0.000493049621582031,0,0.00589823722839356,1.70994663238525,
DEU_LocationALower-11_56_T-1,15,domain_dpll,True,1,1,0,inf,0,0.00199556350708008,4.41074371337891E-05,0.000353336334228516,0.000398397445678711,0.00239825248718262,0.000235080718994141,0,0.00542473793029785,1.65351176261902,
DEU_LocationALower-11_64_T-1,18,domain_dpll,True,1,15,0,inf,0,0.00191020965576172,4.17232513427734E-05,0.000375509262084961,0.000398874282836914,0.00212597846984863,0.000293493270874023,0,0.00514578819274902,1.69457197189331,
DEU_LocationALower-12_109_T-1,20,domain_dpll,True,1,8,0,inf,0,0.0018768310546875,3.62396240234375E-05,0.000339746475219727,0.000374078750610352,0.0022130012512207,0.000292778015136719,0,0.00513267517089844,1.76405501365662,
DEU_LocationALower-12_167_T-1,12,domain_dpll,True,2,1,0,inf,0,0.00189089775085449,7.05718994140625E-05,0.000322341918945313,0.000374794006347656,0.00273561477661133,0.000495195388793945,0,0.0058894157409668,1.71880125999451,
DEU_LocationALower-12_217_T-1,14,domain_dpll,True,1,6,0,inf,0,0.00189089775085449,3.98159027099609E-05,0.000345706939697266,0.000386238098144531,0.00212597846984863,0.000269889831542969,0,0.00505852699279785,1.60337781906128,
DEU_LocationALower-12_52_T-1,26,domain_dpll,True,1,7,0,inf,0,0.00316762924194336,6.03199005126953E-05,0.000570297241210938,0.000612497329711914,0.00266170501708984,0.000291109085083008,0,0.00736355781555176,1.8504319190979,
DEU_LocationALower-13_162_T-1,21,domain_dpll,True,1,10,0,inf,0,0.00182867050170898,4.1961669921875E-05,0.00035548210144043,0.000365257263183594,0.00222349166870117,0.000343799591064453,0,0.00515866279602051,1.63191771507263,
DEU_LocationALower-13_167_T-1,17,domain_dpll,True,1,2,0,inf,0,0.00348687171936035,5.60283660888672E-05,0.000563144683837891,0.00061345100402832,0.0077507495880127,0.000356674194335938,0,0.0128269195556641,1.66062808036804,
DEU_LocationALower-13_168_T-1,12,domain_dpll,False,4,6,0,,0,0.00182151794433594,0.00017237663269043,0.00192499160766602,0.00182461738586426,0,0,0,0.00574350357055664,1.55854177474976,repair returned None
DEU_LocationALower-13_214_T-1,21,domain_dpll,True,2,14,0,inf,0,0.00435757637023926,0.000111103057861328,0.000710725784301758,0.00089716911315918,0.00539946556091309,0.000482797622680664,0,0.0119588375091553,1.65611481666565,
DEU_LocationALower-13_239_T-1,18,domain_dpll,True,1,12,0,inf,0,0.00184774398803711,3.71932983398438E-05,0.000333547592163086,0.000365734100341797,0.0030975341796875,0.000341176986694336,0,0.00602293014526367,1.64232659339905,
DEU_LocationALower-13_241_T-1,20,domain_dpll,True,1,18,0,inf,0,0.00194072723388672,4.33921813964844E-05,0.00034642219543457,0.000379085540771484,0.00214624404907227,0.000226259231567383,0,0.00508213043212891,1.73697924613953,
DEU_LocationALower-13_247_T-1,15,domain_dpll,True,1,6,0,inf,0,0.00495648384094238,7.89165496826172E-05,0.00123214721679688,0.000408172607421875,0.00249719619750977,0.000591516494750977,0,0.00976443290710449,1.53052020072937,
DEU_LocationALower-13_29_T-1,18,domain_dpll,True,1,15,0,inf,0,0.00185370445251465,3.98159027099609E-05,0.000330448150634766,0.000373125076293945,0.00272464752197266,0.00128531455993652,0,0.0066070556640625,1.79010033607483,
DEU_LocationALower-13_56_T-1,10,domain_dpll,True,1,1,0,inf,0,0.00199055671691895,4.33921813964844E-05,0.000370264053344727,0.000382661819458008,0.00340557098388672,0.000236272811889648,0,0.00642871856689453,1.834153175354,
DEU_LocationALower-13_82_T-1,17,domain_dpll,True,1,13,0,inf,0,0.00178241729736328,3.88622283935547E-05,0.000335931777954102,0.000346899032592773,0.0021824836730957,0.000278234481811523,0,0.00496482849121094,1.8303964138031,
DEU_LocationALower-14_14_T-1,13,domain_dpll,True,1,1,0,inf,0,0.00190162658691406,4.22000885009766E-05,0.000322103500366211,0.000362873077392578,0.00219464302062988,0.000230789184570313,0,0.00505423545837402,1.79860663414001,
DEU_LocationALower-14_161_T-1,21,domain_dpll,True,1,6,0,inf,0,0.00441884994506836,7.05718994140625E-05,0.000761032104492188,0.000892162322998047,0.0224246978759766,0.000542163848876953,0,0.0291094779968262,1.90459656715393,
DEU_LocationALower-14_219_T-1,12,domain_dpll,True,1,8,0,inf,0,0.00205540657043457,4.62532043457031E-05,0.000507354736328125,0.000567913055419922,0.0248150825500488,0.000395536422729492,0,0.0283875465393066,1.75396156311035,
DEU_LocationALower-14_247_T-1,16,domain_dpll,True,1,13,0,inf,0,0.00179648399353027,3.69548797607422E-05,0.000321388244628906,0.000344038009643555,0.00230526924133301,0.000335454940795898,0,0.00513958930969238,1.81700754165649,
DEU_LocationALower-14_252_T-1,12,domain_dpll,True,1,9,0,inf,0,0.00186610221862793,4.05311584472656E-05,0.000341176986694336,0.000376462936401367,0.00243210792541504,0.000242233276367188,0,0.00529861450195313,1.56216788291931,
DEU_LocationALower-14_39_T-1,15,domain_dpll,True,1,9,0,inf,0,0.00196743011474609,3.98159027099609E-05,0.000352621078491211,0.000394105911254883,0.00210881233215332,0.000217914581298828,0,0.0050806999206543,1.84393906593323,
DEU_LocationALower-14_96_T-1,15,domain_dpll,True,1,16,0,inf,0,0.00201559066772461,3.93390655517578E-05,0.00036311149597168,0.000400304794311523,0.00287652015686035,0.000553131103515625,0,0.00624799728393555,1.77576923370361,
DEU_LocationALower-25_155_T-1,15,domain_dpll,True,1,8,0,inf,0,0.00179743766784668,3.93390655517578E-05,0.000318527221679688,0.000345945358276367,0.00227022171020508,0.00026392936706543,0,0.005035400390625,1.74989557266235,
DEU_LocationALower-27_140_T-1,14,domain_dpll,True,1,8,0,inf,0,0.00185942649841309,4.14848327636719E-05,0.000344514846801758,0.000369787216186523,0.00327372550964355,0.000944852828979492,0,0.00683379173278809,1.57827138900757,
DEU_LocationALower-27_184_T-1,13,domain_dpll,True,1,16,0,inf,0,0.00211620330810547,4.9591064453125E-05,0.000375747680664063,0.000406980514526367,0.00234341621398926,0.000294923782348633,0,0.00558686256408691,1.71082711219788,
DEU_LocationALower-28_109_T-1,13,domain_dpll,True,1,4,0,inf,0,0.0019383430480957,4.02927398681641E-05,0.00033259391784668,0.000370025634765625,0.00190472602844238,0.000256061553955078,0,0.00484204292297363,1.79171228408813,
DEU_LocationALower-28_109_T-1,18,domain_dpll,True,1,8,0,inf,0,0.00201964378356934,4.10079956054688E-05,0.000346183776855469,0.000395059585571289,0.00205659866333008,0.000921726226806641,0,0.00578022003173828,1.72992897033691,
DEU_LocationALower-28_228_T-1,11,domain_dpll,True,1,16,0,inf,0,0.00187253952026367,4.50611114501953E-05,0.000398874282836914,0.000387668609619141,0.00310659408569336,0.000509738922119141,0,0.00632047653198242,1.58473801612854,
DEU_LocationALower-28_252_T-1,12,domain_dpll,True,1,3,0,inf,0,0.00185680389404297,3.62396240234375E-05,0.000334024429321289,0.000360488891601563,0.00305390357971191,0.00082850456237793,0,0.0064699649810791,2.05579352378845,
DEU_LocationALower-28_252_T-1,18,domain_dpll,True,1,5,0,inf,0,0.00402927398681641,6.15119934082031E-05,0.000349521636962891,0.000362634658813477,0.0023958683013916,0.000325918197631836,0,0.00752472877502441,1.8701958656311,
DEU_LocationALower-29_123_T-1,16,domain_dpll,True,1,9,0,inf,0,0.00191402435302734,4.26769256591797E-05,0.000361919403076172,0.000388145446777344,0.00279712677001953,0.000282526016235352,0,0.00578641891479492,1.89652824401855,
DEU_LocationALower-29_134_T-1,9,domain_dpll,True,1,7,0,inf,0,0.00165891647338867,4.22000885009766E-05,0.00022125244140625,0.000235557556152344,0.00281929969787598,0.000383615493774414,0,0.00536084175109863,1.63572359085083,
DEU_LocationALower-29_245_T-1,12,domain_dpll,True,1,8,0,inf,0,0.00195193290710449,3.83853912353516E-05,0.000333786010742188,0.000362873077392578,0.00226569175720215,0.0002899169921875,0,0.00524258613586426,1.94437575340271,
DEU_LocationALower-29_249_T-1,23,domain_dpll,True,1,3,0,inf,0,0.00199270248413086,4.36305999755859E-05,0.000331401824951172,0.000350713729858398,0.00222229957580566,0.000344276428222656,0,0.00528502464294434,1.88468170166016,
DEU_LocationALower-29_250_T-1,12,domain_dpll,True,1,9,0,inf,0,0.00243902206420898,7.00950622558594E-05,0.000392675399780273,0.000439643859863281,0.00270628929138184,0.000398635864257813,0,0.00644636154174805,1.70031690597534,
DEU_LocationALower-29_65_T-1,8,domain_dpll,True,1,2,0,inf,0,0.00481939315795898,6.93798065185547E-05,0.000723838806152344,0.000896930694580078,0.00332355499267578,0.000597953796386719,0,0.0104310512542725,1.84144902229309,
DEU_LocationALower-29_70_T-1,11,domain_dpll,True,1,2,0,inf,0,0.00199365615844727,4.14848327636719E-05,0.000334024429321289,0.000377893447875977,0.00237250328063965,0.000292062759399414,0,0.00541162490844727,1.93885946273804,
DEU_LocationALower-30_218_T-1,16,domain_dpll,True,1,5,0,inf,0,0.00195860862731934,4.29153442382813E-05,0.000334262847900391,0.00035858154296875,0.00284862518310547,0.000333547592163086,0,0.00587654113769531,1.81517052650452,
DEU_LocationALower-30_46_T-1,16,domain_dpll,True,1,5,0,inf,0,0.00217556953430176,4.86373901367188E-05,0.000361442565917969,0.000384807586669922,0.00291180610656738,0.000314235687255859,0,0.00619649887084961,1.70265126228333,
DEU_LocationALower-31_154_T-1,9,domain_dpll,True,1,10,0,inf,0,0.00174927711486816,4.05311584472656E-05,0.000245094299316406,0.000292539596557617,0.00279784202575684,0.000402927398681641,0,0.00552821159362793,1.69484114646912,
DEU_LocationALower-31_239_T-1,16,domain_dpll,True,2,4,0,inf,0,0.00187039375305176,6.60419464111328E-05,0.000323057174682617,0.000364303588867188,0.00289773941040039,0.000494956970214844,0,0.00601649284362793,1.91989469528198,
DEU_LocationALower-31_24_T-1,13,domain_dpll,True,1,16,0,inf,0,0.00181961059570313,3.69548797607422E-05,0.000306367874145508,0.000347137451171875,0.00232839584350586,0.00052189826965332,0,0.00536036491394043,1.92339658737183,
DEU_LocationALower-31_31_T-1,15,domain_dpll,True,1,3,0,inf,0,0.0019834041595459,4.38690185546875E-05,0.000362634658813477,0.000379800796508789,0.00244522094726563,0.000299453735351563,0,0.00551438331604004,1.52839469909668,
DEU_LocationALower-31_47_T-1,13,domain_dpll,True,2,7,0,inf,0,0.00198030471801758,6.58035278320313E-05,0.000324010848999023,0.000380754470825195,0.00250840187072754,0.000225067138671875,0,0.00548434257507324,1.6068263053894,
DEU_LocationALower-32_117_T-1,17,domain_dpll,True,1,9,0,inf,0,0.00187969207763672,4.1961669921875E-05,0.000947475433349609,0.000375032424926758,0.00211381912231445,0.00027918815612793,0,0.00563716888427734,1.75697803497314,
DEU_LocationALower-32_136_T-1,16,domain_dpll,True,1,11,0,inf,0,0.00327444076538086,5.86509704589844E-05,0.000396013259887695,0.00042271614074707,0.00234842300415039,0.00092005729675293,0,0.00742030143737793,1.80685305595398,
DEU_LocationALower-32_186_T-1,12,domain_dpll,True,1,2,0,inf,0,0.00199484825134277,6.19888305664063E-05,0.000340461730957031,0.000366926193237305,0.00226569175720215,0.000297069549560547,0,0.00532698631286621,1.56297945976257,
DEU_LocationALower-32_70_T-1,14,domain_dpll,True,1,2,0,inf,0,0.00279855728149414,4.33921813964844E-05,0.000340938568115234,0.000383853912353516,0.00225424766540527,0.000211477279663086,0,0.00603246688842773,1.6642336845398,
DEU_LocationALower-32_84_T-1,13,domain_dpll,True,1,8,0,inf,0,0.00199413299560547,4.17232513427734E-05,0.000346899032592773,0.000380039215087891,0.00255155563354492,0.0012974739074707,0,0.00661182403564453,1.69018888473511,
DEU_LocationALower-33_142_T-1,10,domain_dpll,True,1,5,0,inf,0,0.0016167163848877,3.71932983398438E-05,0.000206947326660156,0.000241279602050781,0.00233769416809082,0.000223636627197266,0,0.00466346740722656,1.79429936408997,
DEU_LocationALower-33_16_T-1,12,domain_dpll,True,1,12,0,inf,0,0.00206255912780762,4.74452972412109E-05,0.000331401824951172,0.0004119873046875,0.00316667556762695,0.000524044036865234,0,0.00654411315917969,1.84924173355103,
DEU_LocationALower-33_219_T-1,8,domain_dpll,True,1,6,0,inf,0,0.00170230865478516,3.86238098144531E-05,0.000273227691650391,0.000297784805297852,0.0025019645690918,0.000208139419555664,0,0.00502204895019531,1.55636167526245,
DEU_LocationALower-33_228_T-1,14,domain_dpll,True,1,15,0,inf,0,0.00423789024353027,6.34193420410156E-05,0.0006866455078125,0.000889301300048828,0.00320243835449219,0.00052642822265625,0,0.00960612297058106,1.74966669082642,
DEU_LocationALower-33_233_T-1,14,domain_dpll,True,1,9,0,inf,0,0.00177693367004395,3.71932983398438E-05,0.000315427780151367,0.000379085540771484,0.00206327438354492,0.000216245651245117,0,0.00478816032409668,1.81978321075439,
DEU_LocationALower-33_261_T-1,13,domain_dpll,True,1,10,0,inf,0,0.00195002555847168,4.41074371337891E-05,0.000339031219482422,0.00037384033203125,0.00225305557250977,0.00030064582824707,0,0.00526070594787598,1.71789646148682,
DEU_LocationALower-33_265_T-1,22,domain_dpll,True,1,11,0,inf,0,0.00170063972473145,3.88622283935547E-05,0.00030207633972168,0.000325202941894531,0.00210475921630859,0.000277996063232422,0,0.00474953651428223,1.67958688735962,
DEU_LocationALower-33_96_T-1,9,domain_dpll,True,1,3,0,inf,0,0.00194025039672852,3.83853912353516E-05,0.000352144241333008,0.000386714935302734,0.00520563125610352,0.000489473342895508,0,0.00841259956359863,1.84055757522583,
DEU_LocationALower-34_120_T-1,17,domain_dpll,True,1,15,0,inf,0,0.00178170204162598,3.93390655517578E-05,0.000324726104736328,0.000353097915649414,0.00192975997924805,0.000319719314575195,0,0.00474834442138672,1.84808588027954,
DEU_LocationALower-34_146_T-1,14,domain_dpll,True,1,4,0,inf,0,0.00200700759887695,4.33921813964844E-05,0.000349760055541992,0.00037837028503418,0.00277853012084961,0.000517606735229492,0,0.00607466697692871,1.52599740028381,
DEU_LocationALower-34_147_T-1,16,domain_dpll,True,1,16,0,inf,0,0.00190424919128418,4.43458557128906E-05,0.000360012054443359,0.000362873077392578,0.00277066230773926,0.000283479690551758,0,0.00572562217712402,1.55414175987244,
DEU_LocationALower-34_163_T-1,15,domain_dpll,True,2,10,0,inf,0,0.00178742408752441,6.50882720947266E-05,0.000308036804199219,0.000351905822753906,0.00311756134033203,0.000472068786621094,0,0.00610208511352539,1.96117997169495,
DEU_LocationALower-34_179_T-1,15,domain_dpll,True,1,12,0,inf,0,0.00191450119018555,4.12464141845703E-05,0.000340461730957031,0.000371456146240234,0.00255084037780762,0.000218868255615234,0,0.00543737411499023,1.92426419258118,
DEU_LocationALower-34_37_T-1,9,domain_dpll,True,1,2,0,inf,0,0.00223851203918457,4.88758087158203E-05,0.000368356704711914,0.000385046005249023,0.0030672550201416,0.00030970573425293,0,0.00641775131225586,1.67311024665833,
DEU_LocationALower-34_49_T-1,10,domain_dpll,True,1,3,0,inf,0,0.00212907791137695,5.29289245605469E-05,0.000334978103637695,0.000350475311279297,0.00214219093322754,0.000232219696044922,0,0.00524187088012695,1.59313344955444,
DEU_LocationALower-34_96_T-1,14,domain_dpll,True,1,8,0,inf,0,0.00185346603393555,4.24385070800781E-05,0.000330924987792969,0.000367879867553711,0.00252771377563477,0.000497102737426758,0,0.00561952590942383,1.72683882713318,
DEU_LocationALower-35_126_T-1,20,domain_dpll,True,1,2,0,inf,0,0.00170707702636719,3.71932983398438E-05,0.000892400741577148,0.000358819961547852,0.00203967094421387,0.000334739685058594,0,0.00536990165710449,1.80038952827454,
DEU_LocationALower-35_263_T-1,12,domain_dpll,True,1,1,0,inf,0,0.0018312931060791,3.91006469726563E-05,0.00035548210144043,0.00037837028503418,0.00269603729248047,0.000221967697143555,0,0.00552225112915039,1.62516856193542,
DEU_LocationALower-35_34_T-1,19,domain_dpll,True,1,1,0,inf,0,0.0021970272064209,5.79357147216797E-05,0.000981569290161133,0.000378608703613281,0.00246715545654297,0.000297307968139648,0,0.00637960433959961,1.66385293006897,
DEU_LocationALower-36_113_T-1,14,domain_dpll,True,1,9,0,inf,0,0.00199794769287109,4.02927398681641E-05,0.000565767288208008,0.000623703002929688,0.0179719924926758,0.000402450561523438,0,0.0216021537780762,1.84858727455139,
DEU_LocationALower-36_123_T-1,15,domain_dpll,True,1,7,0,inf,0,0.00181007385253906,3.95774841308594E-05,0.000322103500366211,0.000350475311279297,0.00200080871582031,0.000278472900390625,0,0.00480151176452637,1.83662271499634,
DEU_LocationALower-36_208_T-1,8,domain_dpll,True,1,3,0,inf,0,0.00152325630187988,3.95774841308594E-05,0.00017857551574707,0.000201702117919922,0.00232934951782227,0.00019383430480957,0,0.00446629524230957,1.92367577552795,
